Agent,Train_Time_sec,Test_Success_Count
agent250,291.016521692276,99
agent200,282.1331763267517,81
agent300,895.27456384921,84